{
    "sites": {
        "_1seriestreaming": {
            "label": "1 SerieStreaming",
            "active": "False",
            "url": "https://1seriestreaming.com/"
        },
        "_33seriestreaming": {
            "label": "33 S\u00e9ries",
            "active": "True",
            "url": "https://ww1.33seriestreaming.lol/"
        },
        "_4kstreamz": {
            "label": "4kstreamz",
            "active": "False",
            "url": "https://www.4kstreamz.net/"
        },
        "adkami_com": {
            "label": "Adkami",
            "active": "True",
            "url": "https://www.adkami.com/"
        },
        "alldebrid": {
            "label": "AllDebrid",
            "active": "True"
        },
        "alloflix": {
            "label": "Alloflix",
            "active": "True",
            "url": "https://vf.alloflix.com/"
        },
        "animecomplet": {
            "label": "AnimeComplet",
            "active": "False",
            "url": "https://ianime-fr.com/"
        },
        "animeultime": {
            "label": "Anime Ultime",
            "active": "True",
            "url": "http://www.anime-ultime.net/"
        },
        "asia_insane": {
            "label": "Asia Insane",
            "active": "False",
            "url": "https://www.asia-insane.biz/"
        },
        "bd_streams": {
            "label": "BD STREAMS",
            "active": "True",
            "url": "https://www.bd-streams.tk/"
        },
        "buzzmonclick_com": {
            "label": "BuzzMonClick",
            "active": "True",
            "url": "https://buzzmonclick.net/category/replay-tv/"
        },
        "channelstream": {
            "label": "ChannelStream",
            "active": "True",
            "url": "https://channelstream.es"
        },
        "cinemay_cc": {
            "label": "Cinemay_cc",
            "active": "True",
            "cloudflare": "True",
            "url": "https://cinemay.cc/"
        },
        "cinemay_com": {
            "label": "Cinemay",
            "active": "True",
            "url": "https://cinemay.li/"
        },
        "daddyhd": {
            "label": "DaddyHD",
            "active": "True",
            "url": "https://d.daddylivehd.sx/"
        },
        "debrid_link": {
            "label": "Debrid Link",
            "active": "True",
            "url": "https://debrid-link.fr"
        },
        "docu_fr": {
            "label": "Docu Fr",
            "active": "True",
            "url": "https://documentaire.io/"
        },
        "ducine": {
            "label": "Du Cin\u00e9",
            "active": "False",
            "url": "https://www.ducine.site/"
        },
        "enstream": {
            "label": "EnStream",
            "active": "True",
            "url": "https://wvw.enstream.cam/"
        },
        "extreme_down": {
            "label": "ExtremeDown",
            "active": "False",
            "url": "https://www.extreme-down.app/"
        },
        "filmoflix": {
            "label": "Filmoflix",
            "active": "True",
            "cloudflare": "True",
            "url": "https://www.filmoflix.club/"
        },
        "filmspourenfants": {
            "label": "Films pour Enfants",
            "active": "True",
            "url": "https://films-pour-enfants.com/"
        },
        "filmstreamingy": {
            "label": "FilmstreamingY",
            "active": "False",
            "url": "https://www.film-streamingk.biz/"
        },
        "free_telechargement_org": {
            "label": "Free Telechargement",
            "active": "True",
            "url": "https://www.free-telecharger.live/"
        },
        "freebox": {
            "label": "Freebox",
            "active": "True",
            "url": "http://mafreebox.freebox.fr/freeboxtv/playlist.m3u"
        },
        "french_stream_com": {
            "label": "French Stream",
            "active": "True",
            "url": "https://www.french-streaming.in/"
        },
        "french_stream_lol": {
            "label": "French-stream-lol",
            "active": "True",
            "url": "https://vv2.french-stream.is/"
        },
        "frenchanimes": {
            "label": "French Animes",
            "active": "True",
            "url": "https://french-anime.com/"
        },
        "fullmatchtv": {
            "label": "Full Match TV",
            "active": "True",
            "url": "https://fullmatchtv.com/"
        },
        "gum_gum_streaming_com": {
            "label": "Gum-Gum-Streaming",
            "active": "True",
            "url": "https://gum-gum-streaming.com/"
        },
        "hds_fm": {
            "label": "Hds-fm",
            "active": "True",
            "url": "https://www1.hds.fm/"
        },
        "ianime": {
            "label": "Ianime",
            "active": "True",
            "url": "https://www.ianimes.cc/"
        },
        "illimitestreaming": {
            "label": "Illimitestreaming",
            "active": "True",
            "url": "https://www.illimitestreaming.co/"
        },
        "k_streaming": {
            "label": "K_Streaming",
            "active": "True",
            "cloudflare": "True",
            "url": "https://streaming-films.net/"
        },
        "kepliz_com": {
            "label": "Kepliz",
            "active": "True",
            "url": "https://morvoz.com/"
        },
        "kstreamingfilm": {
            "label": "K streaming Film",
            "active": "False",
            "url": "https://kstreamingfilm.xyz/"
        },
        "leet365": {
            "label": "leet365",
            "active": "False",
            "url": "https://leet365.cc/vip2.php?d"
        },
        "les_docus": {
            "label": "Les docus",
            "active": "True",
            "url": "https://www.les-docus.com/"
        },
        "livetv": {
            "label": "Live TV",
            "active": "True",
            "url": "http://livetv.sx"
        },
        "lsdb": {
            "label": "Liveset Database",
            "active": "False",
            "url": "https://lsdb.eu"
        },
        "mamcin": {
            "label": "Mamcin",
            "active": "False",
            "url": "https://www.mamcin.com/"
        },
        "mesfilms": {
            "label": "Mes Films",
            "active": "True",
            "cloudflare": "True",
            "url": "https://mesfilms.lol/"
        },
        "mysteriam": {
            "label": "MySteriam",
            "active": "True",
            "url": "https://www.inmysteriam.fr/"
        },
        "mystream_zone": {
            "label": "MyStream",
            "active": "False",
            "url": "https://www3.mystream.zone/"
        },
        "neko_sama": {
            "label": "Neko Sama",
            "active": "True",
            "url": "https://neko-sama.fr/"
        },
        "neuf_docu": {
            "label": "9Docu",
            "active": "True",
            "url": "https://9docu.org/"
        },
        "neymartv": {
            "label": "NeymarTV",
            "active": "True",
            "url": "https://www.neymartv.net/"
        },
        "novaflix": {
            "label": "Novaflix",
            "active": "True",
            "url": "https://wvw.novaflix.io/"
        },
        "o1streaming": {
            "label": "O1 streaming",
            "active": "True",
            "url": "https://01streaming.stream/"
        },
        "otaku_attitude": {
            "label": "Otaku-Attitude",
            "active": "True",
            "url": "https://www.otaku-attitude.net/"
        },
        "otakufr_com": {
            "label": "OtakuFR",
            "active": "True",
            "url": "https://otakufr.co/"
        },
        "pastebin": {
            "label": "PasteBin",
            "active": "True",
            "url": "https://pastebin.com/raw/"
        },
        "planet_streaming": {
            "label": "Planet Streaming",
            "active": "True",
            "url": "https://wvw.planet-streaming2.com/"
        },
        "pluto_tv": {
            "label": "Pluto TV",
            "active": "True",
            "url": "https://api.pluto.tv"
        },
        "radio": {
            "label": "Radio",
            "active": "True",
            "url": ""
        },
        "serie_streaming": {
            "label": "S\u00e9rie Streaming",
            "active": "False",
            "url": "https://serie-streaming.plus/"
        },
        "series_en_streaming": {
            "label": "Series en Streaming",
            "active": "True",
            "cloudflare": "True",
            "url": "https://ww1.series-en-streaming.xyz/"
        },
        "series_stream": {
            "label": "Series Stream",
            "active": "False",
            "url": "https://wwv.series-stream.cc/"
        },
        "siteonefichier": {
            "label": "Mon Compte 1Fichier",
            "active": "True",
            "url": "https://1fichier.com/"
        },
        "siteuptobox": {
            "label": "Mon Compte Uptobox",
            "active": "True",
            "url": "https://uptobox.com/"
        },
        "skyanimes": {
            "label": "Sky-Animes",
            "active": "True",
            "url": "http://www.sky-animes.com/"
        },
        "stream_complet": {
            "label": "Stream Complet",
            "active": "False",
            "url": "https://ww.streamcomplet.click/"
        },
        "streaming_series": {
            "label": "Streaming-Series",
            "active": "True",
            "cloudflare": "True",
            "url": "https://streaming-series.la/"
        },
        "streamingdivx": {
            "label": "StreamingDivx",
            "active": "True",
            "url": "https://www.streamingdivx.tel/"
        },
        "streaminz": {
            "label": "Streaminz",
            "active": "True",
            "url": "https://streaminze.com/"
        },
        "streamonsport": {
            "label": "Streamonsport",
            "active": "True",
            "url": "https://www.streamonsport.sbs/"
        },
        "telecharger_streaming": {
            "label": "T\u00e9l\u00e9charger-streaming",
            "active": "True",
            "url": "https://telecharger-streaming.org/"
        },
        "themoviedb_org": {
            "label": "The Movie Database",
            "active": "True",
            "url": "https://www.themoviedb.org/"
        },
        "toonanime": {
            "label": "Toonanime",
            "active": "True",
            "url": "https://wvvw.toonanime.cc/"
        },
        "topimdb": {
            "label": "Top IMDB",
            "active": "True",
            "url": "https://www.imdb.com/"
        },
        "topreplay": {
            "label": "TopReplay",
            "active": "False",
            "url": "https://vww.topreplay.cc/"
        },
        "uptobox_live": {
            "label": "Uptobox Live",
            "active": "True",
            "url": "https://api.uptobox.mov/"
        },
        "vf_film": {
            "label": "VF Film",
            "active": "False",
            "url": "https://vf-film.top/"
        },
        "vf_serie": {
            "label": "VF S\u00e9rie",
            "active": "False",
            "url": "https://vf-serie.site/"
        },
        "vfilms": {
            "label": "VFilms",
            "active": "True",
            "url": "https://wwvv.vfilms.live/"
        },
        "viki_com": {
            "label": "Viki",
            "active": "True",
            "url": "https://www.viki.com/"
        },
        "voiranime": {
            "label": "voiranime",
            "active": "True",
            "url": "https://v2.voiranime.com/"
        },
        "voirseries_best": {
            "label": "VoirSeries",
            "active": "False",
            "url": "https://voirseries.io/"
        },
        "vostfree": {
            "label": "Vostfree",
            "active": "True",
            "url": "https://vostfree.ws/"
        },
        "wawacity": {
            "label": "Wawacity",
            "active": "True",
            "url": "https://www.wawacity.foo/"
        },
        "wiflix": {
            "label": "WiFlix",
            "active": "True",
            "url": "https://www.wiflix.voto/"
        },
        "youtitou_com": {
            "label": "YouTitou (Anim\u00e9s)",
            "active": "True",
            "url": "https://youtitou.com/"
        },
        "zone_streaming": {
            "label": "Zone Streaming",
            "active": "True",
            "url": "https://www.zone-streaming.fr/"
        }
    }
}